override,businessName,taxCountry,legalName,nativeBusinessName,nativeLegalName,taxRegistrationNumbers,street1,street2,street3,city,state,postalCode,poBox,poBoxPostalCode,BVD,DUNS,unspsc,naics,website,stockExchange,stockSymbol,buyerSystemDetails
N,Elision@1$,United States of America,Elision@1$,,,55-1129054,UAt1,,,New York,Albama,63021,,,US391141322L,444555666,10000000 - Live Plant and Animal Material and Accessories and Supplies,1111 - Oilseed and Grain Farming T,film.com,NYSE - New York Stock Exchange,CNP,
N,Dock#412,United States of America,Dock#412,,,55-1129055,UAt2,,,New York,Albama,63022,,,US391141322L,444555666,10000000 - Live Plant and Animal Material and Accessories and Supplies,1111 - Oilseed and Grain Farming T,film.com,NYSE - New York Stock Exchange,CNP,
N,Brisk solution@in,United States of America,Brisk solution@in,,,55-1129056,UAt3,,,New York,Albama,63023,,,US391141322L,444555666,10000000 - Live Plant and Animal Material and Accessories and Supplies,1111 - Oilseed and Grain Farming T,film.com,NYSE - New York Stock Exchange,CNP,
N,Lusion@120,United States of America,Lusion@120,,,55-1129057,UAt4,,,New York,Albama,63024,,,US391141322L,444555666,10000000 - Live Plant and Animal Material and Accessories and Supplies,1111 - Oilseed and Grain Farming T,film.com,NYSE - New York Stock Exchange,CNP,
N,Migrane@111corp,United States of America,Migrane@111,,,55-1129058,UAt5,,,New York,Albama,63025,,,US391141322L,444555666,10000000 - Live Plant and Animal Material and Accessories and Supplies,1111 - Oilseed and Grain Farming T,film.com,NYSE - New York Stock Exchange,CNP,
