override,businessName,taxCountry,legalName,nativeBusinessName,nativeLegalName,taxRegistrationNumbers,street1,street2,street3,city,state,postalCode,poBox,poBoxPostalCode,BVD,DUNS,unspsc,naics,website,stockExchange,stockSymbol,buyerSystemDetails
N,NEXTEL COMMUNICATIONS INC,United States of America,NEXTEL COMMUNICATIONS INC,,,36-3939651,2001 EDMUND HALLEY DRIVE,,,RESTON,Virginia,20191,,,US363939651,444555666,10000000 - Live Plant and Animal Material and Accessories and Supplies,1111 - Oilseed and Grain Farming T,film.com,NYSE - New York Stock Exchange,NXTL,
N,KOHLS CORPORATION,United States of America,KOHLS CORPORATION,,,13-3357362,NORTH 56 WEST 17000 RIDGEWOOD DRIVE,,,MENOMONEE FALLS,Wisconsin,53051,,,US391630919,444555666,10000000 - Live Plant and Animal Material and Accessories and Supplies,1111 - Oilseed and Grain Farming T,film.com,NYSE - New York Stock Exchange,,
N,ECHOSTAR CORPORATION,United States of America,ECHOSTAR CORPORATION,,,26-1232727,100 INVERNESS TERRACE EAST,,,ENGLEWOOD,Colorado,80112,,,US261232727,444555666,10000000 - Live Plant and Animal Material and Accessories and Supplies,1111 - Oilseed and Grain Farming T,film.com,NYSE - New York Stock Exchange,,
N,AMS-OSRAM AG,Austria,AMS-OSRAM AG,,,ATU28560205,TOBELBADER STRASSE 30,,,UNTERPREMST�TTEN,Steiermark,8141,,,AT9030014397,444555666,10000000 - Live Plant and Animal Material and Accessories and Supplies,1111 - Oilseed and Grain Farming T,film.com,Swiss Exchange (SWX),AMS,
N,Poadcoat@346,United States of America,Poadcoat@346,,,36-3939699,Werty,,,Youi,Swerst,90123,,,US363939651,444555666,10000000 - Live Plant and Animal Material and Accessories and Supplies,1111 - Oilseed and Grain Farming T,film.com,NYSE - New York Stock Exchange,,
