"override","businessName","taxCountry","legalName","nativeBusinessName","nativeLegalName","taxRegistrationNumbers","street1","street2","street3","city","state","postalCode","poBox","poBoxPostalCode","BVD","DUNS","unspsc","naics","website","stockExchange","stockSymbol","buyerSystemDetails"
"N","Guis@001","United States of America","Guis@001",,,"55-1139059","6600 Powlowski Cliffs",,,"Albama","Tennessee","789-332",,,"US135409005",444555666,"10000000 - Live Plant and Animal Material and Accessories and Supplies","1111 - Oilseed and Grain Farming T","film.com","NYSE - New York Stock Exchange","CNP",
"N","Hins@3412","United States of America","Hins@3412",,,"55-1139060","7008 Walter Mountain",,,"Albama","Kansas","410-365",,,"US135409005",444555666,"10000000 - Live Plant and Animal Material and Accessories and Supplies","1111 - Oilseed and Grain Farming T","film.com","NYSE - New York Stock Exchange","CNP",
"N","Lava@990","United States of America","Lava@990",,,"55-1139061","1980 Fisher Corner",,,"Albama","Hawaii","791-800",,,"US135409005",444555666,"10000000 - Live Plant and Animal Material and Accessories and Supplies","1111 - Oilseed and Grain Farming T","film.com","NYSE - New York Stock Exchange","CNP",
"N","Crist56!2","United States of America","Crist56!2",,,"55-1139062","7003 Trinity Burgs",,,"Albama","Virginia","132-974",,,"US123527447L",444555666,"10000000 - Live Plant and Animal Material and Accessories and Supplies","1111 - Oilseed and Grain Farming T","film.com","NYSE - New York Stock Exchange","CNP",
"Y","numo@111","United States of America","numo@111",,,"55-1139063","2117 Buck Mill",,,"Albama","Michigan","079-705",,,"US123527447L",444555666,"10000000 - Live Plant and Animal Material and Accessories and Supplies","1111 - Oilseed and Grain Farming T","film.com","NYSE - New York Stock Exchange","CNP",
