"override","businessName","taxCountry","legalName","nativeBusinessName","nativeLegalName","taxRegistrationNumbers","street1","street2","street3","city","state","postalCode","poBox","poBoxPostalCode","BVD","DUNS","unspsc","naics","website","stockExchange","stockSymbol","buyerSystemDetails"
"Y","Wisozk - McGlynn","Australia","Wisozk - McGlynn",,,24235365096,"25652 Beer Knoll",,,"Port Norastad","New Hampshire","724-375",,,"US861390679",111222333,"10000000 - Live Plant and Animal Material and Accessories and Supplies","1111 - Oilseed and Grain Farming T","Google.com",,,
"Y","Russel - Mraz","Australia","Russel - Mraz",,,24235372193,"9760 Rohan Mews",,,"Kamrenstead","Louisiana","727-133",,,"US861390679",111222333,"10000000 - Live Plant and Animal Material and Accessories and Supplies","1111 - Oilseed and Grain Farming T","Google.com",,,
"Y","Boehm, Hane and Hayes","Australia","Boehm, Hane and Hayes",,,24235365441,"20758 Hazel Inlet",,,"Lake Jordanmouth","Michigan","069-012",,,"US861390679",111222333,"10000000 - Live Plant and Animal Material and Accessories and Supplies","1111 - Oilseed and Grain Farming T","Google.com",,,
"Y","O'Conner, Turner and Cruickshank","Australia","O'Conner, Turner and Cruickshank",,,24235368759,"93010 Gina Manor",,,"West Evans","Colorado","073-002",,,"US861390679",111222333,"10000000 - Live Plant and Animal Material and Accessories and Supplies","1111 - Oilseed and Grain Farming T","Google.com",,,
"Y","Zulauf - Robel","Australia","Zulauf - Robel",,,24235368785,"97317 Tillman Brook",,,"New Juvenalhaven","Alaska","083-004",,,"US861390679",111222333,"10000000 - Live Plant and Animal Material and Accessories and Supplies","1111 - Oilseed and Grain Farming T","Google.com",,,
