bulkID,preloadID
11ee322ddc53a350b7d9d5584d116e35,11ee2f627eb0a3b0b7d9d5584d116e35
11ee322de6a5b280b7d9d5584d116e35,11ee2f62956356c0b7d9d5584d116e35
11ee322de26808d0b7d9d5584d116e35,11ee2f56bedbe8c0b7d9d5584d116e35
11ee322dd5d112b0b7d9d5584d116e35,11ee2f5748b4e920b7d9d5584d116e35
11ee322dd7431940b7d9d5584d116e35,11ee2f57723fd430b7d9d5584d116e35
11ee322ddeafe2d0b7d9d5584d116e35,11ee2f57aa2cd870b7d9d5584d116e35
11ee323482ac4440b7d9d5584d116e35,11ee2f5aa83594f0b7d9d5584d116e35
11ee322def0a97b0b7d9d5584d116e35,11ee2f58cd5129e0b7d9d5584d116e35
11ee322df8e63e60b7d9d5584d116e35,11ee2f5a83333f40b7d9d5584d116e35
11ee323482af5180b7d9d5584d116e35,11ee2f59c8f9e840b7d9d5584d116e35
11ee322de0cb48c0b7d9d5584d116e35,11ee2f5a3953f630b7d9d5584d116e35
11ee322ded71f650b7d9d5584d116e35,11ee2f5a557b4c50b7d9d5584d116e35
11ee322de8a35740b7d9d5584d116e35,11ee2f5aea3f6790b7d9d5584d116e35
11ee322dee52e070b7d9d5584d116e35,11ee2f5b613dbef0b7d9d5584d116e35
11ee323482af2a70b7d9d5584d116e35,11ee2f5bac874660b7d9d5584d116e35
11ee322df3628020b7d9d5584d116e35,11ee2f6046d42c20b7d9d5584d116e35
11ee322de18cc400b7d9d5584d116e35,11ee2f5ca8dd0da0b7d9d5584d116e35
11ee322de227f290b7d9d5584d116e35,11ee2f5f3119d840b7d9d5584d116e35
11ee322ddba93280b7d9d5584d116e35,11ee2f5d27f7f690b7d9d5584d116e35
11ee322df63ec510b7d9d5584d116e35,11ee2f5d8e43dc20b7d9d5584d116e35
11ee322df0ab9d80b7d9d5584d116e35,11ee2f5db3554d00b7d9d5584d116e35
11ee322dedf3a970b7d9d5584d116e35,11ee2f6250d57150b7d9d5584d116e35
11ee322df0407fa0b7d9d5584d116e35,11ee2f609f09a780b7d9d5584d116e35
11ee322df6f4a790b7d9d5584d116e35,11ee2f5db47efff0b7d9d5584d116e35
11ee322de9a50fd0b7d9d5584d116e35,11ee2f5dbf758c80b7d9d5584d116e35
11ee322de49dd490b7d9d5584d116e35,11ee2f5dfe9d4dd0b7d9d5584d116e35
11ee322df59e3f50b7d9d5584d116e35,11ee2f5e02d5ee70b7d9d5584d116e35
