override,businessName,taxCountry,legalName,nativeBusinessName,nativeLegalName,taxRegistrationNumbers,street1,street2,street3,city,state,postalCode,poBox,poBoxPostalCode,BVD,DUNS,unspsc,naics,website,stockExchange,stockSymbol,buyerSystemDetails
N,Schaden - Bogisich,United Kingdom,Schaden - Bogisich,,,43545456592,357 Asha Prairie,,,East Carmellachester,Illinois,560-108,,,US391141322L,444555666,10000000 - Live Plant and Animal Material and Accessories and Supplies,1111 - Oilseed and Grain Farming T,film.com,NYSE - New York Stock Exchange,CNP,
N,"Mante, Larson and Walker",United Kingdom,"Mante, Larson and Walker",,,43545456593,9291 Goldner Unions,,,East Manuelaberg,Maryland,357-564,,,US391141322L,444555666,10000000 - Live Plant and Animal Material and Accessories and Supplies,1111 - Oilseed and Grain Farming T,film.com,NYSE - New York Stock Exchange,CNP,
N,"Jast, Murphy and Predovic",United Kingdom,"Jast, Murphy and Predovic",,,43545456594,213 McKenzie Underpass,,,Dickensfort,Ohio,933-679,,,US391141322L,444555666,10000000 - Live Plant and Animal Material and Accessories and Supplies,1111 - Oilseed and Grain Farming T,film.com,NYSE - New York Stock Exchange,CNP,
N,"Block, Beatty and Frami",United Kingdom,"Block, Beatty and Frami",,,43545456595,5109 Abbott Parkway,,,Severn,Illinois,984-762,,,US391141322L,444555666,10000000 - Live Plant and Animal Material and Accessories and Supplies,1111 - Oilseed and Grain Farming T,film.com,NYSE - New York Stock Exchange,CNP,
N,Cummerata LLC,United Kingdom,Cummerata LLC,,,43545456596,328 Kutch Club,,,Findlay,Texas,014-017,,,US391141322L,444555666,10000000 - Live Plant and Animal Material and Accessories and Supplies,1111 - Oilseed and Grain Farming T,film.com,NYSE - New York Stock Exchange,CNP,
