override,businessName,taxCountry,legalName,nativeBusinessName,nativeLegalName,taxRegistrationNumbers,street1,street2,street3,city,state,postalCode,poBox,poBoxPostalCode,BVD,DUNS,unspsc,naics,website,stockExchange,stockSymbol,buyerSystemDetails
N,"WALGREENS BOOTS ALLIANCE, INC.,",United States of America,"WALGREENS BOOTS ALLIANCE, INC.,",,,47-1758322,108 WILMOT ROAD,,,DEERFIELD,Illinois,60015,,,US471758322,444555666,10000000 - Live Plant and Animal Material and Accessories and Supplies,1111 - Oilseed and Grain Farming T,film.com,NYSE - New York Stock Exchange,CNP,
N,GELATO ASA,Australia,GELATO ASA,,,119379612,L 19 181 WILLIAM ST,,,MELBOURNE,Victoria,3000,,,AU604999573,444555666,10000000 - Live Plant and Animal Material and Accessories and Supplies,1111 - Oilseed and Grain Farming T,film.com,NYSE - New York Stock Exchange,CNP,
N,"BANCO SANTANDER, S.A.",Spain,"BANCO SANTANDER, S.A.",,,B64D0N.00000.BR.826,"S/N AVENIDA DE CANTABRIA, BOADILLA DEL MONTE",,,MADIRD,MADIRD,28600,,,GBFC004459,444555666,10000000 - Live Plant and Animal Material and Accessories and Supplies,1111 - Oilseed and Grain Farming T,film.com,NYSE - New York Stock Exchange,CNP,
N,VICTORIA'S SECRET & CO.,United States of America,VICTORIA'S SECRET & CO.,,,86-3167653,4 LIMITED PARKWAY EAST,,,REYNOLDSBURG,Ohio,43068,,,US863167653,444555666,10000000 - Live Plant and Animal Material and Accessories and Supplies,1111 - Oilseed and Grain Farming T,film.com,NYSE - New York Stock Exchange,CNP,
N,PATHMARK STORES INC,United States of America,PATHMARK STORES INC,,,22-2879612,2 PARAGON DRIVE,,,MONTVALE,New Jersey,7645,,,US222879612,444555666,10000000 - Live Plant and Animal Material and Accessories and Supplies,1111 - Oilseed and Grain Farming T,film.com,NYSE - New York Stock Exchange,CNP,
