override,businessName,taxCountry,legalName,nativeBusinessName,nativeLegalName,taxRegistrationNumbers,street1,street2,street3,city,state,postalCode,poBox,poBoxPostalCode,BVD,DUNS,unspsc,naics,website,stockExchange,stockSymbol,buyerSystemDetails
N,"Lehner, Luettgen and Crist",United Kingdom,"Lehner, Luettgen and Crist",,,43545456599,269 Frida Viaduct,,,Eltonton,South Dakota,162-931,,,US391141322L,444555666,10000000 - Live Plant and Animal Material and Accessories and Supplies,1111 - Oilseed and Grain Farming T,film.com,NYSE - New York Stock Exchange,CNP,
N,Walker - Pollich,United Kingdom,Walker - Pollich,,,43545456600,3004 Jacklyn Extension,,,Johntown,Oregon,424-396,,,US391141322L,444555666,10000000 - Live Plant and Animal Material and Accessories and Supplies,1111 - Oilseed and Grain Farming T,film.com,NYSE - New York Stock Exchange,CNP,
N,"Olson, Considine and Turcotte",United Kingdom,"Olson, Considine and Turcotte",,,43545456601,401 Alexanne Rapids,,,Reillytown,Oregon,536-054,,,US391141322L,444555666,10000000 - Live Plant and Animal Material and Accessories and Supplies,1111 - Oilseed and Grain Farming T,film.com,NYSE - New York Stock Exchange,CNP,
N,"Crist, Harvey and Kerluke",United Kingdom,"Crist, Harvey and Kerluke",,,43545456602,653 Bauch Ports,,,Homenicktown,Michigan,511-532,,,US391141322L,444555666,10000000 - Live Plant and Animal Material and Accessories and Supplies,1111 - Oilseed and Grain Farming T,film.com,NYSE - New York Stock Exchange,CNP,
N,"Morissette, Heidenreich and Kuvalis",United Kingdom,"Morissette, Heidenreich and Kuvalis",,,43545456603,574 Metz Lakes,,,West Kaci,Connecticut,541-221,,,US391141322L,444555666,10000000 - Live Plant and Animal Material and Accessories and Supplies,1111 - Oilseed and Grain Farming T,film.com,NYSE - New York Stock Exchange,CNP,
