override,businessName,taxCountry,legalName,nativeBusinessName,nativeLegalName,taxRegistrationNumbers,street1,street2,street3,city,state,postalCode,poBox,poBoxPostalCode,BVD,DUNS,unspsc,naics,website,stockExchange,stockSymbol,buyerSystemDetails
N,Biog01,United States of America,Lap,,,22-2222222,7929 Bunting Drive,,,Montgomery,Alabama,36109,,,US391141322L,444555666,10000000 - Live Plant and Animal Material and Accessories and Supplies,1111 - Oilseed and Grain Farming T ,Google.com,NYSE - New York Stock Exchange ,CNP,
N,Quin02,United States of America,swyuii,,,22-2222223,68834 Golf View Pass,,,Montgomery,Alabama,36109,,,US391141322L,444555666,10000000 - Live Plant and Animal Material and Accessories and Supplies,1111 - Oilseed and Grain Farming T ,Google.com,NYSE - New York Stock Exchange ,CNP,
N,Avam23,United States of America,dgy,,,22-2222224,9866 Tomscot Court,,,Birmingham,Alabama,35263,,,US391141322L,444555666,10000000 - Live Plant and Animal Material and Accessories and Supplies,1111 - Oilseed and Grain Farming T ,Google.com,NYSE - New York Stock Exchange ,CNP,
N,Hein,United States of America,Skipfire,,,22-2222225,08036 Merchant Park,,,Montgomery,Alabama,36195,,,US391141322L,444555666,10000000 - Live Plant and Animal Material and Accessories and Supplies,1111 - Oilseed and Grain Farming T ,Google.com,NYSE - New York Stock Exchange ,CNP,
N,Tion,United States of America,Talk,,,22-2222226,79378yu,,,Birmingham,Alabama,36195,,,US391141322L,444555666,10000000 - Live Plant and Animal Material and Accessories and Supplies,1111 - Oilseed and Grain Farming T ,Google.com,NYSE - New York Stock Exchange ,CNP,
