override,businessName,taxCountry,legalName,nativeBusinessName,nativeLegalName,taxRegistrationNumbers,street1,street2,street3,city,state,postalCode,poBox,poBoxPostalCode,BVD,DUNS,unspsc,naics,website,stockExchange,stockSymbol,buyerSystemDetails
N,"Hudson, O'Hara and Barton",India,"Hudson, O'Hara and Barton",,,45AABVC0001A2Z9,Nieo4563,ty7,,Mumbai,Maharashtra,VOA,,,US391141322L,444555666,10000000 - Live Plant and Animal Material and Accessories and Supplies,1111 - Oilseed and Grain Farming T,ibm.com,,,
N,"Frami, Lind and Hodkiewicz",India,"Frami, Lind and Hodkiewicz",,,45AABVC0001A2Z7,Nieo4564,ty8,,Mumbai,Maharashtra,VOW,,,US391141322L,111222333,10000000 - Live Plant and Animal Material and Accessories and Supplies,1111 - Oilseed and Grain Farming T,ibm.com,,,
N,"Feest, Armstrong and Crona",India,"Feest, Armstrong and Crona",,,45AABVC0001A2Z5,Nieo4565,ty9,,Mumbai,Maharashtra,VOA,,,US391141322L,111222333,10000000 - Live Plant and Animal Material and Accessories and Supplies,1111 - Oilseed and Grain Farming T,ibm.com,,,
N,Satterfield Group,India,Satterfield Group,,,45AABVC0001A2Z4,Nieo4566,ty10,,Mumbai,Maharashtra,VOW,,,US391141322L,111222333,10000000 - Live Plant and Animal Material and Accessories and Supplies,1111 - Oilseed and Grain Farming T,ibm.com,,,
N,"Nader, Nitzsche and White",India,"Nader, Nitzsche and White",,,45AABVC0001A2Z0,Nieo4567,ty11,,Mumbai,Maharashtra,VOA,,,US391141322L,111222333,10000000 - Live Plant and Animal Material and Accessories and Supplies,1111 - Oilseed and Grain Farming T,ibm.com,,,
