override,businessName,taxCountry,legalName,nativeBusinessName,nativeLegalName,taxRegistrationNumbers,street1,street2,street3,city,state,postalCode,poBox,poBoxPostalCode,BVD,DUNS,unspsc,naics,website,stockExchange,stockSymbol,buyerSystemDetails
N,Turner - Cummings,United Kingdom,Turner - Cummings,,,GB616824381,59295 Predovic Isle,,,Leesburg,Kentucky,944-789,,,US391141322L,444555666,10000000 - Live Plant and Animal Material and Accessories and Supplies,1111 - Oilseed and Grain Farming T,tcs.com,,,
N,Abbott and Sons,United Kingdom,Abbott and Sons,,,GB616824377,5283 Lizzie Park,,,Fisherstead,Iowa,928-749,,,US391141322L,111222333,10000000 - Live Plant and Animal Material and Accessories and Supplies,1111 - Oilseed and Grain Farming T,tcs.com,,,
N,"Ebert, Harvey and Christiansen",United Kingdom,"Ebert, Harvey and Christiansen",,,GB616824378,544 Schmitt Knolls,,,West Petrachester,Georgia,108-411,,,US391141322L,111222333,10000000 - Live Plant and Animal Material and Accessories and Supplies,1111 - Oilseed and Grain Farming T,film.com,,,
N,Leuschke LLC,United Kingdom,Leuschke LLC,,,GB616824379,10371 Selina View,,,East Ozellafurt,Vermont,951-092,,,US391141322L,111222333,10000000 - Live Plant and Animal Material and Accessories and Supplies,1111 - Oilseed and Grain Farming T,film.com,,,
N,Cole - Hyatt,United Kingdom,Cole - Hyatt,,,GB616824380,3765 Kurt Key,,,South Rudychester,Florida,727-079,,,US391141322L,111222333,10000000 - Live Plant and Animal Material and Accessories and Supplies,1111 - Oilseed and Grain Farming T,film.com,,,
